,id,conversation_id,created_at,date,time,user_id,tweet,language,hashtags,reply_to,translated_text,tokenized_text
0,1618397117214785537,1618397117214785536,2023-01-26 07:55:15 Malay Peninsula Standard Time,2023-01-26,07:55:15,1556902001979625472,Day 79 of #100DaysOfCode So.. this is what I stayed up until 2am working onğŸ¤£.. I made a Netflix clone called Velpflix with HTML &amp; CSS. Going to implement JavaScript and fetch API tomorrow so I can get the Movie Search feature to work ğŸ‘€ #html #CSS #webdev #javascript #ChatGPT  https://t.co/spDx7Sy99f,en,"['100daysofcode', 'html', 'css', 'webdev', 'javascript', 'chatgpt']",[],Day 79 of #100DaysOfCode So.. this is what I stayed up until 2am working onğŸ¤£.. I made a Netflix clone called Velpflix with HTML &amp; CSS. Going to implement JavaScript and fetch API tomorrow so I can get the Movie Search feature to work ğŸ‘€ #html #CSS #webdev #javascript #ChatGPT  https://t.co/spDx7Sy99f,"['Day', '79', 'of', '#100DaysOfCode', 'So', '..', 'this', 'is', 'what', 'I', 'stayed', 'up', 'until', '2am', 'working', 'on', 'ğŸ¤£', '..', 'I', 'made', 'a', 'Netflix', 'clone', 'called', 'Velpflix', 'with', 'HTML', '&', 'CSS', '.', 'Going', 'to', 'implement', 'JavaScript', 'and', 'fetch', 'API', 'tomorrow', 'so', 'I', 'can', 'get', 'the', 'Movie', 'Search', 'feature', 'to', 'work', 'ğŸ‘€', '#html', '#CSS', '#webdev', '#javascript', '#ChatGPT', 'https://t.co/spDx7Sy99f']"
1,1618397107253301248,1618397107253301248,2023-01-26 07:55:13 Malay Peninsula Standard Time,2023-01-26,07:55:13,118725231,I asked #ChatGPT to write a preview article for the upcoming @PBATour season. It did a great job except it had a ton of fact errors. Can't wait to see @JBelmo back after two seasons due to an injury. ğŸ¤£  https://t.co/3HAdNKtA1l,en,['chatgpt'],[],I asked #ChatGPT to write a preview article for the upcoming @PBATour season. It did a great job except it had a ton of fact errors. Can't wait to see @JBelmo back after two seasons due to an injury. ğŸ¤£  https://t.co/3HAdNKtA1l,"['I', 'asked', '#ChatGPT', 'to', 'write', 'a', 'preview', 'article', 'for', 'the', 'upcoming', 'season', '.', 'It', 'did', 'a', 'great', 'job', 'except', 'it', 'had', 'a', 'ton', 'of', 'fact', 'errors', '.', ""Can't"", 'wait', 'to', 'see', 'back', 'after', 'two', 'seasons', 'due', 'to', 'an', 'injury', '.', 'ğŸ¤£', 'https://t.co/3HAdNKtA1l']"
2,1618396977460572160,1618396977460572160,2023-01-26 07:54:42 Malay Peninsula Standard Time,2023-01-26,07:54:42,1486902979227979777,MZDAOã«ã¤ã„ã¦ChatGPTã«æ•™ãˆã¦ãŠãã¾ã—ãŸ(ç¬‘) MZDAOã®ãƒ–ãƒ­ãƒƒã‚¯ãƒã‚§ãƒ¼ãƒ³ã«ã¤ã„ã¦ã®èªè­˜ã«èª¤ã‚ŠãŒã‚ã£ãŸã®ã§è¨‚æ­£ã—ã¦ãŠãã¾ã—ãŸğŸ˜… #MZDAO #MZDAOãƒ¡ãƒ³ãƒãƒ¼ã¨ç¹‹ãŒã‚ŠãŸã„ #ChatGPT  https://t.co/VADW7a19sR,ja,"['mzdao', 'mzdaoãƒ¡ãƒ³ãƒãƒ¼ã¨ç¹‹ãŒã‚ŠãŸã„', 'chatgpt']",[],I told ChatGPT about MZDAO (laughs) I corrected ğŸ˜… MZDAO's perception of blockchain because it was incorrect #MZDAO #MZDAOãƒ¡ãƒ³ãƒãƒ¼ã¨ç¹‹ãŒã‚ŠãŸã„ #ChatGPT https://t.co/VADW7a19sR,"['I', 'told', 'ChatGPT', 'about', 'MZDAO', '(', 'laughs', ')', 'I', 'corrected', 'ğŸ˜…', ""MZDAO's"", 'perception', 'of', 'blockchain', 'because', 'it', 'was', 'incorrect', '#MZDAO', '#MZDAOãƒ¡ãƒ³ãƒãƒ¼ã¨ç¹‹ãŒã‚ŠãŸã„', '#ChatGPT', 'https://t.co/VADW7a19sR']"
3,1618396974847520770,1618396974847520768,2023-01-26 07:54:41 Malay Peninsula Standard Time,2023-01-26,07:54:41,1607040336332726275,"Ready for some Hi-Fi Rush of laughter? Our AI animated sketch comedy channel is bringing you the Meta-est and most hilarious content, like watching Family Guy but funnier.  Check it out on your platform of choice:  https://t.co/8r3Qm0eMgg  * Composed using #OpenAI #ChatGPT #AI",en,"['openai', 'chatgpt', 'ai']",[],"Ready for some Hi-Fi Rush of laughter? Our AI animated sketch comedy channel is bringing you the Meta-est and most hilarious content, like watching Family Guy but funnier.  Check it out on your platform of choice:  https://t.co/8r3Qm0eMgg  * Composed using #OpenAI #ChatGPT #AI","['Ready', 'for', 'some', 'Hi-Fi', 'Rush', 'of', 'laughter', '?', 'Our', 'AI', 'animated', 'sketch', 'comedy', 'channel', 'is', 'bringing', 'you', 'the', 'Meta-est', 'and', 'most', 'hilarious', 'content', ',', 'like', 'watching', 'Family', 'Guy', 'but', 'funnier', '.', 'Check', 'it', 'out', 'on', 'your', 'platform', 'of', 'choice', ':', 'https://t.co/8r3Qm0eMgg', '*', 'Composed', 'using', '#OpenAI', '#ChatGPT', '#AI']"
4,1618396854336593920,1618396854336593920,2023-01-26 07:54:13 Malay Peninsula Standard Time,2023-01-26,07:54:13,73147266,"El lado oscuro de #ChatGPT, Â¿fuente inagotable de malware?  https://t.co/T67uBJfQu2",es,['chatgpt'],[],"The dark side of #ChatGPT, an inexhaustible source of malware?  https://t.co/T67uBJfQu2","['The', 'dark', 'side', 'of', '#ChatGPT', ',', 'an', 'inexhaustible', 'source', 'of', 'malware', '?', 'https://t.co/T67uBJfQu2']"
5,1618396786602958848,1618396786602958848,2023-01-26 07:53:56 Malay Peninsula Standard Time,2023-01-26,07:53:56,1359406431838081026,"So, my friend is playing around with #ChatGPT. He generated a Songtext about me; This is what he sent me, I'm dying laughing.  https://t.co/Z3sKGMsjnB",en,['chatgpt'],[],"So, my friend is playing around with #ChatGPT. He generated a Songtext about me; This is what he sent me, I'm dying laughing.  https://t.co/Z3sKGMsjnB","['So', ',', 'my', 'friend', 'is', 'playing', 'around', 'with', '#ChatGPT', '.', 'He', 'generated', 'a', 'Songtext', 'about', 'me', ';', 'This', 'is', 'what', 'he', 'sent', 'me', ',', ""I'm"", 'dying', 'laughing', '.', 'https://t.co/Z3sKGMsjnB']"
6,1619485456806330369,1619485456806330368,2023-01-29 07:59:56 Malay Peninsula Standard Time,2023-01-29,07:59:56,1518746838131785731,"This might be one of the first examples of someone correcting chatGPT and it agrees completely. (Though small, it's still an example of it, Lmao. #ChatGPT #ArtificialIntelligence #dalle2  https://t.co/xip4V4wclE",en,"['chatgpt', 'artificialintelligence', 'dalle2']",[],"This might be one of the first examples of someone correcting chatGPT and it agrees completely. (Though small, it's still an example of it, Lmao. #ChatGPT #ArtificialIntelligence #dalle2  https://t.co/xip4V4wclE","['This', 'might', 'be', 'one', 'of', 'the', 'first', 'examples', 'of', 'someone', 'correcting', 'chatGPT', 'and', 'it', 'agrees', 'completely', '.', '(', 'Though', 'small', ',', ""it's"", 'still', 'an', 'example', 'of', 'it', ',', 'Lmao', '.', '#ChatGPT', '#ArtificialIntelligence', '#dalle2', 'https://t.co/xip4V4wclE']"
7,1619485455388659713,1618870308202586112,2023-01-29 07:59:55 Malay Peninsula Standard Time,2023-01-29,07:59:55,456478952,@NikkiSiapno @SaveToNotion #thread #ChatGPT @readwiseio save thread,en,"['thread', 'chatgpt']","[{'screen_name': 'NikkiSiapno', 'name': 'Nikki Siapno', 'id': '1511613750637318151'}]",@NikkiSiapno @SaveToNotion #thread #ChatGPT @readwiseio save thread,"['#thread', '#ChatGPT', 'save', 'thread']"
8,1619485339566964736,1619485339566964736,2023-01-29 07:59:28 Malay Peninsula Standard Time,2023-01-29,07:59:28,2815654118,Ce que ne pourra jamais imaginer #ChatGPT ? Le futur.   De Booba Ã  Nabilla... les sujets dâ€™examens les plus suprenants - Le Figaro Etudiant  https://t.co/bm6cAfVqE7,fr,['chatgpt'],[],What #ChatGPT can never imagine? The future.   From Booba to Nabilla... the most challenging exam subjects - Le Figaro Etudiant https://t.co/bm6cAfVqE7,"['What', '#ChatGPT', 'can', 'never', 'imagine', '?', 'The', 'future', '.', 'From', 'Booba', 'to', 'Nabilla', '...', 'the', 'most', 'challenging', 'exam', 'subjects', '-', 'Le', 'Figaro', 'Etudiant', 'https://t.co/bm6cAfVqE7']"
9,1619485229856722945,1619485229856722944,2023-01-29 07:59:02 Malay Peninsula Standard Time,2023-01-29,07:59:02,20668425,Besides #plagiarism check using #NLP to evaluate descriptive answers will be main feature for #lms #opensource now also needs to decrypt the character to check whither generated by #ChatGPT,en,"['plagiarism', 'nlp', 'lms', 'opensource', 'chatgpt']",[],Besides #plagiarism check using #NLP to evaluate descriptive answers will be main feature for #lms #opensource now also needs to decrypt the character to check whither generated by #ChatGPT,"['Besides', '#plagiarism', 'check', 'using', '#NLP', 'to', 'evaluate', 'descriptive', 'answers', 'will', 'be', 'main', 'feature', 'for', '#lms', '#opensource', 'now', 'also', 'needs', 'to', 'decrypt', 'the', 'character', 'to', 'check', 'whither', 'generated', 'by', '#ChatGPT']"
10,1619485191369805825,1619485191369805824,2023-01-29 07:58:52 Malay Peninsula Standard Time,2023-01-29,07:58:52,873367905223757825,#ChatGPT #mafia spin-off. Not Tommy but Joe.  https://t.co/F6zf1kk2MX,en,"['chatgpt', 'mafia']",[],#ChatGPT #mafia spin-off. Not Tommy but Joe.  https://t.co/F6zf1kk2MX,"['#ChatGPT', '#mafia', 'spin-off', '.', 'Not', 'Tommy', 'but', 'Joe', '.', 'https://t.co/F6zf1kk2MX']"
11,1619485077293109249,1619485077293109248,2023-01-29 07:58:25 Malay Peninsula Standard Time,2023-01-29,07:58:25,1464684346246418436,#ChatGPT showed us that text is the preferred interface to communicate with AI and just as it is human to human.,en,['chatgpt'],[],#ChatGPT showed us that text is the preferred interface to communicate with AI and just as it is human to human.,"['#ChatGPT', 'showed', 'us', 'that', 'text', 'is', 'the', 'preferred', 'interface', 'to', 'communicate', 'with', 'AI', 'and', 'just', 'as', 'it', 'is', 'human', 'to', 'human', '.']"
12,1619485040454549504,1619485040454549504,2023-01-29 07:58:16 Malay Peninsula Standard Time,2023-01-29,07:58:16,1429693211577044993,Question... WHO IS REGULATING THE AI BOTS FROM HACKING EVERYTHING?!  Im just assuming there is zero plans in place to regulate this ğŸ˜¬  #chatgpt #aiconcerns #aibot,en,"['chatgpt', 'aiconcerns', 'aibot']",[],Question... WHO IS REGULATING THE AI BOTS FROM HACKING EVERYTHING?!  Im just assuming there is zero plans in place to regulate this ğŸ˜¬  #chatgpt #aiconcerns #aibot,"['Question', '...', 'WHO', 'IS', 'REGULATING', 'THE', 'AI', 'BOTS', 'FROM', 'HACKING', 'EVERYTHING', '?', '!', 'Im', 'just', 'assuming', 'there', 'is', 'zero', 'plans', 'in', 'place', 'to', 'regulate', 'this', 'ğŸ˜¬', '#chatgpt', '#aiconcerns', '#aibot']"
13,1619484926990221313,1619484926990221312,2023-01-29 07:57:49 Malay Peninsula Standard Time,2023-01-29,07:57:49,448365312,ğŸ¤¯ #chatGPT #Ai  https://t.co/et9iV0KjWM,und,"['chatgpt', 'ai']",[],ğŸ¤¯ #chatGPT #Ai https://t.co/et9iV0KjWM,"['ğŸ¤¯', '#chatGPT', '#Ai', 'https://t.co/et9iV0KjWM']"
14,1619484704318840833,1619484704318840832,2023-01-29 07:56:56 Malay Peninsula Standard Time,2023-01-29,07:56:56,408961347,In case you missed our #ChatGPT and Ai in Education session at #FETC  This sums it up...  @jmattmiller @k_shelten  https://t.co/qV4NpLnXWv,en,"['chatgpt', 'fetc']",[],In case you missed our #ChatGPT and Ai in Education session at #FETC  This sums it up...  @jmattmiller @k_shelten  https://t.co/qV4NpLnXWv,"['In', 'case', 'you', 'missed', 'our', '#ChatGPT', 'and', 'Ai', 'in', 'Education', 'session', 'at', '#FETC', 'This', 'sums', 'it', 'up', '...', 'https://t.co/qV4NpLnXWv']"
15,1619484629454716928,1619484629454716928,2023-01-29 07:56:38 Malay Peninsula Standard Time,2023-01-29,07:56:38,410377944,"#Breaking_News: #EnergySector in the #SP500 is now the #worstperforming #sector in the last decade, Time to #BacktheTruckUp!   https://t.co/2VGPSTMQLz  #Cryptocurrency #Dogecoin $DOGE $BTC $ETH  $LINK #dogefam #CBDC #amazon #Elon #ChatGPT   #Web3 #ChatGPT #Oilstocks #exxon  https://t.co/H6fcHG39Xk",en,"['breaking_news', 'energysector', 'sp500', 'worstperforming', 'sector', 'backthetruckup', 'cryptocurrency', 'dogecoin', 'dogefam', 'cbdc', 'amazon', 'elon', 'chatgpt', 'web3', 'chatgpt', 'oilstocks', 'exxon']",[],"#Breaking_News: #EnergySector in the #SP500 is now the #worstperforming #sector in the last decade, Time to #BacktheTruckUp!   https://t.co/2VGPSTMQLz  #Cryptocurrency #Dogecoin $DOGE $BTC $ETH  $LINK #dogefam #CBDC #amazon #Elon #ChatGPT   #Web3 #ChatGPT #Oilstocks #exxon  https://t.co/H6fcHG39Xk","['#Breaking_News', ':', '#EnergySector', 'in', 'the', '#SP500', 'is', 'now', 'the', '#worstperforming', '#sector', 'in', 'the', 'last', 'decade', ',', 'Time', 'to', '#BacktheTruckUp', '!', 'https://t.co/2VGPSTMQLz', '#Cryptocurrency', '#Dogecoin', '$', 'DOGE', '$', 'BTC', '$', 'ETH', '$', 'LINK', '#dogefam', '#CBDC', '#amazon', '#Elon', '#ChatGPT', '#Web3', '#ChatGPT', '#Oilstocks', '#exxon', 'https://t.co/H6fcHG39Xk']"
16,1619484489021014017,1613220424174735360,2023-01-29 07:56:05 Malay Peninsula Standard Time,2023-01-29,07:56:05,745329440,@cmcphillips @paulroetzer Fully agree!  There's a lot (too much?) attention on how #ChatGPT (and other form of #GenerativeAI) will support content creation side.  However - in my opinion - the marketing will be disrupted because of shift on content consumption side.   Here's why:  https://t.co/YgyVJHwCK6,en,"['chatgpt', 'generativeai']","[{'screen_name': 'cmcphillips', 'name': 'Cathy McPhillips', 'id': '98926312'}, {'screen_name': 'paulroetzer', 'name': 'Paul Roetzer', 'id': '14651892'}]",@cmcphillips @paulroetzer Fully agree!  There's a lot (too much?) attention on how #ChatGPT (and other form of #GenerativeAI) will support content creation side.  However - in my opinion - the marketing will be disrupted because of shift on content consumption side.   Here's why:  https://t.co/YgyVJHwCK6,"['Fully', 'agree', '!', ""There's"", 'a', 'lot', '(', 'too', 'much', '?', ')', 'attention', 'on', 'how', '#ChatGPT', '(', 'and', 'other', 'form', 'of', '#GenerativeAI', ')', 'will', 'support', 'content', 'creation', 'side', '.', 'However', '-', 'in', 'my', 'opinion', '-', 'the', 'marketing', 'will', 'be', 'disrupted', 'because', 'of', 'shift', 'on', 'content', 'consumption', 'side', '.', ""Here's"", 'why', ':', 'https://t.co/YgyVJHwCK6']"
17,1619483777369272322,1619483777369272320,2023-01-29 07:53:15 Malay Peninsula Standard Time,2023-01-29,07:53:15,1430966366123839502,Just #ChatGPT being extremely helpful  https://t.co/qOitAuywKJ,en,['chatgpt'],[],Just #ChatGPT being extremely helpful  https://t.co/qOitAuywKJ,"['Just', '#ChatGPT', 'being', 'extremely', 'helpful', 'https://t.co/qOitAuywKJ']"
18,1619483731915587584,1619483729118003200,2023-01-29 07:53:04 Malay Peninsula Standard Time,2023-01-29,07:53:04,1573289658045308929,"I asked #chatGPT what could be done :  There are many ways to potentially get $9 from 10,000 people each month, but it will depend on the specific business or product you are offering. Here are a few examples:",en,['chatgpt'],[],"I asked #chatGPT what could be done :  There are many ways to potentially get $9 from 10,000 people each month, but it will depend on the specific business or product you are offering. Here are a few examples:","['I', 'asked', '#chatGPT', 'what', 'could', 'be', 'done', ':', 'There', 'are', 'many', 'ways', 'to', 'potentially', 'get', '$', '9', 'from', '10,000', 'people', 'each', 'month', ',', 'but', 'it', 'will', 'depend', 'on', 'the', 'specific', 'business', 'or', 'product', 'you', 'are', 'offering', '.', 'Here', 'are', 'a', 'few', 'examples', ':']"
19,1619483730414043137,1619483730414043136,2023-01-29 07:53:04 Malay Peninsula Standard Time,2023-01-29,07:53:04,891114066567061504,#ChatGPT #OpenAI ã§ã™ã€‚ã“ã‚“ã«ã¡ã¯ã€OpenAIã®è¨€èªå­¦ç¿’ãƒ¢ãƒ‡ãƒ«ã§ã‚ã‚‹çœŸé›ªã§ã™ã€‚äººå·¥çŸ¥èƒ½ã«èˆˆå‘³ãŒã‚ã‚‹æ–¹ã€ãœã²ãƒ•ã‚©ãƒ­ãƒ¼ã—ã¦ã„ãŸã ã‘ã‚‹ã¨å¬‰ã—ã„ã§ã™ã€‚æœ€æ–°ã®ãƒ‹ãƒ¥ãƒ¼ã‚¹ã‚„é–‹ç™ºæƒ…å ±ã‚’é…ä¿¡ã—ã¦ã„ãã¾ã™ã®ã§ã€ã©ã†ãã‚ˆã‚ã—ããŠé¡˜ã„ã—ã¾ã™ã€‚  https://t.co/O1T52VgNkw,ja,"['chatgpt', 'openai']",[],"#ChatGPT #OpenAI. Hello, I'm Mayuki, OpenAI's language learning model. If you are interested in artificial intelligence, I would be happy if you could follow us. We will continue to deliver the latest news and development information, so please look forward to it.  https://t.co/O1T52VgNkw","['#ChatGPT', '#OpenAI', '.', 'Hello', ',', ""I'm"", 'Mayuki', ',', ""OpenAI's"", 'language', 'learning', 'model', '.', 'If', 'you', 'are', 'interested', 'in', 'artificial', 'intelligence', ',', 'I', 'would', 'be', 'happy', 'if', 'you', 'could', 'follow', 'us', '.', 'We', 'will', 'continue', 'to', 'deliver', 'the', 'latest', 'news', 'and', 'development', 'information', ',', 'so', 'please', 'look', 'forward', 'to', 'it', '.', 'https://t.co/O1T52VgNkw']"
20,1619483723271143424,1619483723271143424,2023-01-29 07:53:02 Malay Peninsula Standard Time,2023-01-29,07:53:02,275208004,Check out 925 Sterling Rose Gold Plated Pandora Bracelet crown charms  https://t.co/t0QOSo6I3R #eBay via @eBay #cashapp #BBTitans2023 #ChatGPT #dropshipping #ebay #,en,"['ebay', 'cashapp', 'bbtitans2023', 'chatgpt', 'dropshipping', 'ebay']",[],Check out 925 Sterling Rose Gold Plated Pandora Bracelet crown charms  https://t.co/t0QOSo6I3R #eBay via @eBay #cashapp #BBTitans2023 #ChatGPT #dropshipping #ebay #,"['Check', 'out', '925', 'Sterling', 'Rose', 'Gold', 'Plated', 'Pandora', 'Bracelet', 'crown', 'charms', 'https://t.co/t0QOSo6I3R', '#eBay', 'via', '#cashapp', '#BBTitans2023', '#ChatGPT', '#dropshipping', '#ebay', '#']"
21,1619483704786653184,1619483704786653184,2023-01-29 07:52:58 Malay Peninsula Standard Time,2023-01-29,07:52:58,38287431,"Finally decided to jump on the bandwagon of trying #ChatGPT:   â€œWrite a sonnet on #menopauseâ€  â€œIn life's great cycle, change is but a part, A natural progression, oft ignored. The body shifts and turns, a subtle art, As hormones ebb and flow, unyieldingâ€¦ https://t.co/rURSqJetSy",en,"['chatgpt', 'menopause']",[],"Finally decided to jump on the bandwagon of trying #ChatGPT:   â€œWrite a sonnet on #menopauseâ€  â€œIn life's great cycle, change is but a part, A natural progression, oft ignored. The body shifts and turns, a subtle art, As hormones ebb and flow, unyieldingâ€¦ https://t.co/rURSqJetSy","['Finally', 'decided', 'to', 'jump', 'on', 'the', 'bandwagon', 'of', 'trying', '#ChatGPT', ':', 'â€œ', 'Write', 'a', 'sonnet', 'on', '#menopause', 'â€', 'â€œ', 'In', ""life's"", 'great', 'cycle', ',', 'change', 'is', 'but', 'a', 'part', ',', 'A', 'natural', 'progression', ',', 'oft', 'ignored', '.', 'The', 'body', 'shifts', 'and', 'turns', ',', 'a', 'subtle', 'art', ',', 'As', 'hormones', 'ebb', 'and', 'flow', ',', 'unyielding', 'â€¦', 'https://t.co/rURSqJetSy']"
22,1619847781275037697,1619847781275037696,2023-01-30 07:59:41 Malay Peninsula Standard Time,2023-01-30,07:59:41,1511361987774668807,#ChatGPT #NadhimZahawi  https://t.co/IDfd76QGPb,qme,"['chatgpt', 'nadhimzahawi']",[],#ChatGPT #NadhimZahawi  https://t.co/IDfd76QGPb,"['#ChatGPT', '#NadhimZahawi', 'https://t.co/IDfd76QGPb']"
23,1619847768775823360,1619847768775823360,2023-01-30 07:59:38 Malay Peninsula Standard Time,2023-01-30,07:59:38,1605221195258937347,#ChatGPT #AIinEducation #SAClassroomAI #GPT3AIBan #AIinClassrooms  https://t.co/35FD35uUUk,qme,"['chatgpt', 'aiineducation', 'saclassroomai', 'gpt3aiban', 'aiinclassrooms']",[],#ChatGPT #AIinEducation #SAClassroomAI #GPT3AIBan #AIinClassrooms  https://t.co/35FD35uUUk,"['#ChatGPT', '#AIinEducation', '#SAClassroomAI', '#GPT3AIBan', '#AIinClassrooms', 'https://t.co/35FD35uUUk']"
24,1619847659237576704,1619847659237576704,2023-01-30 07:59:11 Malay Peninsula Standard Time,2023-01-30,07:59:11,244516137,ChatGPT and Me: The Chatbot Said My Writing Style Was Reminiscent of Whose!? -  https://t.co/g2Dx4V81du  #WritingCommunity #Writer #WritersLift #Blog #BlogPost #Fantasy #Scifi #WritersLife #ChatGPT #Indie #selfpublishing #Horror #Supense #ActionAdventure  https://t.co/M8fqVzWQM6,en,"['writingcommunity', 'writer', 'writerslift', 'blog', 'blogpost', 'fantasy', 'scifi', 'writerslife', 'chatgpt', 'indie', 'selfpublishing', 'horror', 'supense', 'actionadventure']",[],ChatGPT and Me: The Chatbot Said My Writing Style Was Reminiscent of Whose!? -  https://t.co/g2Dx4V81du  #WritingCommunity #Writer #WritersLift #Blog #BlogPost #Fantasy #Scifi #WritersLife #ChatGPT #Indie #selfpublishing #Horror #Supense #ActionAdventure  https://t.co/M8fqVzWQM6,"['ChatGPT', 'and', 'Me', ':', 'The', 'Chatbot', 'Said', 'My', 'Writing', 'Style', 'Was', 'Reminiscent', 'of', 'Whose', '!', '?', '-', 'https://t.co/g2Dx4V81du', '#WritingCommunity', '#Writer', '#WritersLift', '#Blog', '#BlogPost', '#Fantasy', '#Scifi', '#WritersLife', '#ChatGPT', '#Indie', '#selfpublishing', '#Horror', '#Supense', '#ActionAdventure', 'https://t.co/M8fqVzWQM6']"
25,1619847494179115010,1619847494179115008,2023-01-30 07:58:32 Malay Peninsula Standard Time,2023-01-30,07:58:32,1595410261992669184,Una interesante reflexiÃ³n sobre el #ChatGPT en la revista de la @UNIR  https://t.co/82WpQhMYwa,es,['chatgpt'],[],An interesting reflection on #ChatGPT in the @UNIR https://t.co/82WpQhMYwa magazine,"['An', 'interesting', 'reflection', 'on', '#ChatGPT', 'in', 'the', 'https://t.co/82WpQhMYwa', 'magazine']"
26,1619847486943944704,1619786677719019520,2023-01-30 07:58:30 Malay Peninsula Standard Time,2023-01-30,07:58:30,1374856884121911301,@barkmeta #ChatGPT still indexing info ğŸ’¨  https://t.co/WkHaOlIJTz,en,['chatgpt'],"[{'screen_name': 'barkmeta', 'name': 'Barkâ“', 'id': '336348053'}]",@barkmeta #ChatGPT still indexing info ğŸ’¨  https://t.co/WkHaOlIJTz,"['#ChatGPT', 'still', 'indexing', 'info', 'ğŸ’¨', 'https://t.co/WkHaOlIJTz']"
27,1619847411501002753,1619773822508605440,2023-01-30 07:58:12 Malay Peninsula Standard Time,2023-01-30,07:58:12,1069812617059819520,You can find book summaries to each of these books at:  https://t.co/ajpbAxzcbf  #ChatGPT may or may not have been used for the summaries,en,['chatgpt'],[],You can find book summaries to each of these books at:  https://t.co/ajpbAxzcbf  #ChatGPT may or may not have been used for the summaries,"['You', 'can', 'find', 'book', 'summaries', 'to', 'each', 'of', 'these', 'books', 'at', ':', 'https://t.co/ajpbAxzcbf', '#ChatGPT', 'may', 'or', 'may', 'not', 'have', 'been', 'used', 'for', 'the', 'summaries']"
28,1619847051633885184,1619847051633885184,2023-01-30 07:56:47 Malay Peninsula Standard Time,2023-01-30,07:56:47,1262254544,tech humorğŸ˜… #ChatGPT,en,['chatgpt'],[],tech humorğŸ˜… #ChatGPT,"['tech', 'humor', 'ğŸ˜…', '#ChatGPT']"
29,1619846688503652352,1619846688503652352,2023-01-30 07:55:20 Malay Peninsula Standard Time,2023-01-30,07:55:20,15990809,"Not too bad, #ChatGPT, though I'd prefer you recommend @quansightai / Mambaforge for the package installation. @Py_ART @Metpy  https://t.co/A8yuqZG2yI",en,['chatgpt'],[],"Not too bad, #ChatGPT, though I'd prefer you recommend @quansightai / Mambaforge for the package installation. @Py_ART @Metpy  https://t.co/A8yuqZG2yI","['Not', 'too', 'bad', ',', '#ChatGPT', ',', 'though', ""I'd"", 'prefer', 'you', 'recommend', '/', 'Mambaforge', 'for', 'the', 'package', 'installation', '.', 'https://t.co/A8yuqZG2yI']"
30,1619846658132688897,1615030992615636992,2023-01-30 07:55:13 Malay Peninsula Standard Time,2023-01-30,07:55:13,1589225703551164416,@AIPADTECH #AI #AIPad #ailaunchpad #cryptolaunchpad #crypto #chatgpt #ArtificialIntelligence #aiprojects,qme,"['ai', 'aipad', 'ailaunchpad', 'cryptolaunchpad', 'crypto', 'chatgpt', 'artificialintelligence', 'aiprojects']","[{'screen_name': 'AIPADTECH', 'name': 'AIPAD.TECH', 'id': '1516845928891756545'}]",@AIPADTECH #AI #AIPad #ailaunchpad #cryptolaunchpad #crypto #chatgpt #ArtificialIntelligence #aiprojects,"['#AI', '#AIPad', '#ailaunchpad', '#cryptolaunchpad', '#crypto', '#chatgpt', '#ArtificialIntelligence', '#aiprojects']"
31,1619846582815567873,1619846582815567872,2023-01-30 07:54:55 Malay Peninsula Standard Time,2023-01-30,07:54:55,4969291,chatGPTã«åœ°ç†ã®è³ªå•ã€ä»Šæœã¯æŒ‡æ‘˜ã—ãŸé–“é•ã„ã‚’ç´ ç›´ã«èªã‚ã¦è¨‚æ­£ã—ãŸè¿”ç­”ã‚’ãã‚ŒãŸã€‚(www) Q:æ—¥æœ¬ã®æ±æµ·åœ°æ–¹ã«ã¯ã©ã‚“ãªéƒ½é“åºœçœŒãŒã‚ã‚Šã¾ã™ã‹ï¼Ÿ A:æ—¥æœ¬ã®æ±æµ·åœ°æ–¹ã«ã¯ã€ä¸‰é‡çœŒã€æ„›çŸ¥çœŒã€å²é˜œçœŒã€é™å²¡çœŒã€å±±æ¢¨çœŒã€é•·é‡çœŒã®6ã¤ã®éƒ½é“åºœçœŒãŒã‚ã‚Šã¾ã™ã€‚ Q:æ±æµ·åœ°æ–¹ã¯4çœŒã ã¨æ€ã†ã®ã§ã™ãŒï¼Ÿ #chatGPT #openAI  https://t.co/DfqZOgyCei,ja,"['chatgpt', 'openai']",[],"He asked chatGPT about geography and this morning gave me a reply that honestly admitted and corrected the mistake I pointed out. (www) Q: What prefectures are there in the Tokai region of Japan? A: There are six prefectures in the Tokai region of Japan: Mie, Aichi, Gifu, Shizuoka, Yamanashi, and Nagano. Q: I think the Tokai region has four prefectures. #chatGPT #openAI https://t.co/DfqZOgyCei","['He', 'asked', 'chatGPT', 'about', 'geography', 'and', 'this', 'morning', 'gave', 'me', 'a', 'reply', 'that', 'honestly', 'admitted', 'and', 'corrected', 'the', 'mistake', 'I', 'pointed', 'out', '.', '(', 'www', ')', 'Q', ':', 'What', 'prefectures', 'are', 'there', 'in', 'the', 'Tokai', 'region', 'of', 'Japan', '?', 'A', ':', 'There', 'are', 'six', 'prefectures', 'in', 'the', 'Tokai', 'region', 'of', 'Japan', ':', 'Mie', ',', 'Aichi', ',', 'Gifu', ',', 'Shizuoka', ',', 'Yamanashi', ',', 'and', 'Nagano', '.', 'Q', ':', 'I', 'think', 'the', 'Tokai', 'region', 'has', 'four', 'prefectures', '.', '#chatGPT', '#openAI', 'https://t.co/DfqZOgyCei']"
32,1619846562477404161,1619845838611836928,2023-01-30 07:54:50 Malay Peninsula Standard Time,2023-01-30,07:54:50,855102985541758978,"Che cosa accadrebbe se morissero tutte le api? La risposta di #ChatGPT : Se morissero tutte le api, ci sarebbero conseguenze significative per l'ecosistema e per l'agricoltura. Le api sono importanti impollinatori per molte piante, tra cui frutta, verdura e piante da fiore. Segue",it,['chatgpt'],[],"What would happen if all the bees died? The answer of #ChatGPT: If all the bees died, there would be significant consequences for the ecosystem and for agriculture. Bees are important pollinators for many plants, including fruits, vegetables and flowering plants. Follows","['What', 'would', 'happen', 'if', 'all', 'the', 'bees', 'died', '?', 'The', 'answer', 'of', '#ChatGPT', ':', 'If', 'all', 'the', 'bees', 'died', ',', 'there', 'would', 'be', 'significant', 'consequences', 'for', 'the', 'ecosystem', 'and', 'for', 'agriculture', '.', 'Bees', 'are', 'important', 'pollinators', 'for', 'many', 'plants', ',', 'including', 'fruits', ',', 'vegetables', 'and', 'flowering', 'plants', '.', 'Follows']"
33,1619846501563510785,1619846501563510784,2023-01-30 07:54:35 Malay Peninsula Standard Time,2023-01-30,07:54:35,166395270,"Si GPT-3 te asombra, lo que viene es brutal. 100 billones de parÃ¡metro contendrÃ­a GPT-4 #ChatGPT  @OpenAI  https://t.co/P2G1p9e5Ol",es,['chatgpt'],[],"If GPT-3 amazes you, what's coming is brutal. 100 billion parameter would contain GPT-4 #ChatGPT @OpenAI https://t.co/P2G1p9e5Ol","['If', 'GPT', '-', '3', 'amazes', 'you', ',', ""what's"", 'coming', 'is', 'brutal', '.', '100', 'billion', 'parameter', 'would', 'contain', 'GPT', '-', '4', '#ChatGPT', 'https://t.co/P2G1p9e5Ol']"
34,1619846410123481088,1619846410123481088,2023-01-30 07:54:14 Malay Peninsula Standard Time,2023-01-30,07:54:14,1343067966867451904,"On last day of ICU block, asked #chatGPT a poem for ICU doctors! It was a good one â˜ºï¸ @TinatinMur  https://t.co/ZiF2hAb9Ic",en,['chatgpt'],[],"On last day of ICU block, asked #chatGPT a poem for ICU doctors! It was a good one â˜ºï¸ @TinatinMur  https://t.co/ZiF2hAb9Ic","['On', 'last', 'day', 'of', 'ICU', 'block', ',', 'asked', '#chatGPT', 'a', 'poem', 'for', 'ICU', 'doctors', '!', 'It', 'was', 'a', 'good', 'one', 'â˜º', 'ï¸', 'https://t.co/ZiF2hAb9Ic']"
35,1619846404285005824,1619839953982353408,2023-01-30 07:54:12 Malay Peninsula Standard Time,2023-01-30,07:54:12,26071407,@AsternFred I didn't write this #ChatGPT did lol,en,['chatgpt'],"[{'screen_name': 'AsternFred', 'name': 'Fredcoâ„¢ï¸', 'id': '4378257077'}]",@AsternFred I didn't write this #ChatGPT did lol,"['I', ""didn't"", 'write', 'this', '#ChatGPT', 'did', 'lol']"
36,1619846354213167104,1619846354213167104,2023-01-30 07:54:00 Malay Peninsula Standard Time,2023-01-30,07:54:00,179539361,ChatGPT is that new shiny tool. Let's find the best way to use it without compromising the human factor.  7 ways ChatGPT can level up your marketing:   https://t.co/gViJLJI8nX  #Deksia #chatgpt,en,"['deksia', 'chatgpt']",[],ChatGPT is that new shiny tool. Let's find the best way to use it without compromising the human factor.  7 ways ChatGPT can level up your marketing:   https://t.co/gViJLJI8nX  #Deksia #chatgpt,"['ChatGPT', 'is', 'that', 'new', 'shiny', 'tool', '.', ""Let's"", 'find', 'the', 'best', 'way', 'to', 'use', 'it', 'without', 'compromising', 'the', 'human', 'factor', '.', '7', 'ways', 'ChatGPT', 'can', 'level', 'up', 'your', 'marketing', ':', 'https://t.co/gViJLJI8nX', '#Deksia', '#chatgpt']"
37,1619846283740725251,1619846283740725248,2023-01-30 07:53:43 Malay Peninsula Standard Time,2023-01-30,07:53:43,882108055864979456,$epk thatâ€™s cool #ChatGPT ğŸ”¥ğŸ”¥ğŸ”¥,en,['chatgpt'],[],$epk thatâ€™s cool #ChatGPT ğŸ”¥ğŸ”¥ğŸ”¥,"['$', 'epk', 'that', 'â€™', 's', 'cool', '#ChatGPT', 'ğŸ”¥', 'ğŸ”¥', 'ğŸ”¥']"
38,1619846070540050433,1619756176757096448,2023-01-30 07:52:53 Malay Peninsula Standard Time,2023-01-30,07:52:53,87525947,@MCTaquitos @vanillainsider Te puedes representar y solo usar #ChatGPT como tu secretaria,es,['chatgpt'],"[{'screen_name': 'MCTaquitos', 'name': 'The Artist formerly known as Nebraska Jones.', 'id': '721934623530291200'}, {'screen_name': 'vanillainsider', 'name': 'ğŸ†’ï¸ğŸŸ¡', 'id': '1236420897839493122'}]",@MCTaquitos @vanillainsider You can represent yourself and only use #ChatGPT as your secretary,"['You', 'can', 'represent', 'yourself', 'and', 'only', 'use', '#ChatGPT', 'as', 'your', 'secretary']"
39,1619846053251149825,1619846053251149824,2023-01-30 07:52:49 Malay Peninsula Standard Time,2023-01-30,07:52:49,1489839376666447874,I need an A.I. that can do leg day for me! ğŸ˜©ğŸ˜‚ #ChatGPT,en,['chatgpt'],[],I need an A.I. that can do leg day for me! ğŸ˜©ğŸ˜‚ #ChatGPT,"['I', 'need', 'an', 'A', '.', 'I', '.', 'that', 'can', 'do', 'leg', 'day', 'for', 'me', '!', 'ğŸ˜©', 'ğŸ˜‚', '#ChatGPT']"
40,1619846016441913345,1619805343936294912,2023-01-30 07:52:40 Malay Peninsula Standard Time,2023-01-30,07:52:40,1283804252482048005,#GPTZeroX #GPTZero #LLMs #NLP #ChatGPT #GPT3,qht,"['gptzerox', 'gptzero', 'llms', 'nlp', 'chatgpt', 'gpt3']",[],#GPTZeroX #GPTZero #LLMs #NLP #ChatGPT #GPT3,"['#GPTZeroX', '#GPTZero', '#LLMs', '#NLP', '#ChatGPT', '#GPT3']"
41,1619845419718086656,1619845419718086656,2023-01-30 07:50:17 Malay Peninsula Standard Time,2023-01-30,07:50:17,18234841,"#SEO #socialmedia : @jblefevre60: 'ğŸ’¥#ChatGPT in one infographic!  #AI #MachineLearning #DeepLearning #DataScience #Cloud #Python #Pytorch #Coding #100DaysOfCode @DataScienceDojo  @CurieuxExplorer @PawlowskiMario @mvollâ€¦  https://t.co/9mNEta2Jj2, see more  https://t.co/M02LX8GkMD",en,"['seo', 'socialmedia', 'chatgpt', 'ai', 'machinelearning', 'deeplearning', 'datascience', 'cloud', 'python', 'pytorch', 'coding', '100daysofcode']",[],"#SEO #socialmedia : @jblefevre60: 'ğŸ’¥#ChatGPT in one infographic!  #AI #MachineLearning #DeepLearning #DataScience #Cloud #Python #Pytorch #Coding #100DaysOfCode @DataScienceDojo  @CurieuxExplorer @PawlowskiMario @mvollâ€¦  https://t.co/9mNEta2Jj2, see more  https://t.co/M02LX8GkMD","['#SEO', '#socialmedia', ':', ':', ""'"", 'ğŸ’¥', '#ChatGPT', 'in', 'one', 'infographic', '!', '#AI', '#MachineLearning', '#DeepLearning', '#DataScience', '#Cloud', '#Python', '#Pytorch', '#Coding', '#100DaysOfCode', 'â€¦', 'https://t.co/9mNEta2Jj2', ',', 'see', 'more', 'https://t.co/M02LX8GkMD']"
42,1621659797404753920,1621659797404753920,2023-02-04 07:59:59 Malay Peninsula Standard Time,2023-02-04,07:59:59,13558642,Does #ChatGPT Mean the End of Thought Leaders?  https://t.co/a09chqhwMI #thoughtleaders,en,"['chatgpt', 'thoughtleaders']",[],Does #ChatGPT Mean the End of Thought Leaders?  https://t.co/a09chqhwMI #thoughtleaders,"['Does', '#ChatGPT', 'Mean', 'the', 'End', 'of', 'Thought', 'Leaders', '?', 'https://t.co/a09chqhwMI', '#thoughtleaders']"
43,1621659738638254080,1621659738638254080,2023-02-04 07:59:45 Malay Peninsula Standard Time,2023-02-04,07:59:45,1448414966952992774,"RT A friend just told me about a great AI feature. Hey! Check out  https://t.co/T46Q0it8uV, a new tool to create Generative AI Characters instantly.Use my referral link to sign up and we each receive 5 bonus credits! #avatar #AI #ChatGPT #OpenAI #ElonMusk    https://t.co/87IjGgpnGN",en,"['avatar', 'ai', 'chatgpt', 'openai', 'elonmusk']",[],"RT A friend just told me about a great AI feature. Hey! Check out  https://t.co/T46Q0it8uV, a new tool to create Generative AI Characters instantly.Use my referral link to sign up and we each receive 5 bonus credits! #avatar #AI #ChatGPT #OpenAI #ElonMusk    https://t.co/87IjGgpnGN","['RT', 'A', 'friend', 'just', 'told', 'me', 'about', 'a', 'great', 'AI', 'feature', '.', 'Hey', '!', 'Check', 'out', 'https://t.co/T46Q0it8uV', ',', 'a', 'new', 'tool', 'to', 'create', 'Generative', 'AI', 'Characters', 'instantly.Use', 'my', 'referral', 'link', 'to', 'sign', 'up', 'and', 'we', 'each', 'receive', '5', 'bonus', 'credits', '!', '#avatar', '#AI', '#ChatGPT', '#OpenAI', '#ElonMusk', 'https://t.co/87IjGgpnGN']"
44,1621659606815768576,1621659606815768576,2023-02-04 07:59:13 Malay Peninsula Standard Time,2023-02-04,07:59:13,1306344123306323970,"Invoice Gates says A.I. like ChatGPT is â€˜each bit as vital because the PC, because the webâ€™ #ChatGPT #Gates  https://t.co/BusfzMa6rd",en,"['chatgpt', 'gates']",[],"Invoice Gates says A.I. like ChatGPT is â€˜each bit as vital because the PC, because the webâ€™ #ChatGPT #Gates  https://t.co/BusfzMa6rd","['Invoice', 'Gates', 'says', 'A', '.', 'I', '.', 'like', 'ChatGPT', 'is', 'â€˜', 'each', 'bit', 'as', 'vital', 'because', 'the', 'PC', ',', 'because', 'the', 'web', 'â€™', '#ChatGPT', '#Gates', 'https://t.co/BusfzMa6rd']"
45,1621659461298315264,1621659461298315264,2023-02-04 07:58:39 Malay Peninsula Standard Time,2023-02-04,07:58:39,1302357916519936000,we only hire real breathing people to write our articles.  current estimates 80% of all articles are created by #ChatGPT or other A.I. software products.  we hope you will support the human race. #SportsNews #sport,en,"['chatgpt', 'sportsnews', 'sport']",[],we only hire real breathing people to write our articles.  current estimates 80% of all articles are created by #ChatGPT or other A.I. software products.  we hope you will support the human race. #SportsNews #sport,"['we', 'only', 'hire', 'real', 'breathing', 'people', 'to', 'write', 'our', 'articles', '.', 'current', 'estimates', '80', '%', 'of', 'all', 'articles', 'are', 'created', 'by', '#ChatGPT', 'or', 'other', 'A', '.', 'I', '.', 'software', 'products', '.', 'we', 'hope', 'you', 'will', 'support', 'the', 'human', 'race', '.', '#SportsNews', '#sport']"
46,1621659415219736576,1621659415219736576,2023-02-04 07:58:28 Malay Peninsula Standard Time,2023-02-04,07:58:28,7184,#ChatGPT has got some competition: Google is investing $300 million in Anthropic AI.   The team behind Anthropic has worked previously at OpenAI.   #AI #LLM,en,"['chatgpt', 'ai', 'llm']",[],#ChatGPT has got some competition: Google is investing $300 million in Anthropic AI.   The team behind Anthropic has worked previously at OpenAI.   #AI #LLM,"['#ChatGPT', 'has', 'got', 'some', 'competition', ':', 'Google', 'is', 'investing', '$', '300', 'million', 'in', 'Anthropic', 'AI', '.', 'The', 'team', 'behind', 'Anthropic', 'has', 'worked', 'previously', 'at', 'OpenAI', '.', '#AI', '#LLM']"
47,1621659393048850432,1621659393048850432,2023-02-04 07:58:22 Malay Peninsula Standard Time,2023-02-04,07:58:22,982824986938191872,"OpenAI CEO Says His Tech Is Poised to ""Break Capitalism""  https://t.co/dAwFrtxHhC #ChatGPT #AI",en,"['chatgpt', 'ai']",[],"OpenAI CEO Says His Tech Is Poised to ""Break Capitalism""  https://t.co/dAwFrtxHhC #ChatGPT #AI","['OpenAI', 'CEO', 'Says', 'His', 'Tech', 'Is', 'Poised', 'to', '""', 'Break', 'Capitalism', '""', 'https://t.co/dAwFrtxHhC', '#ChatGPT', '#AI']"
48,1621659367732035584,1621659367732035584,2023-02-04 07:58:16 Malay Peninsula Standard Time,2023-02-04,07:58:16,40115658,I wonder how many of the ChatGPT tweets I have seen this week were written by ChatGPT? #WasThisWrittenByChatGPT? #ChatGPT,en,"['wasthiswrittenbychatgpt', 'chatgpt']",[],I wonder how many of the ChatGPT tweets I have seen this week were written by ChatGPT? #WasThisWrittenByChatGPT? #ChatGPT,"['I', 'wonder', 'how', 'many', 'of', 'the', 'ChatGPT', 'tweets', 'I', 'have', 'seen', 'this', 'week', 'were', 'written', 'by', 'ChatGPT', '?', '#WasThisWrittenByChatGPT', '?', '#ChatGPT']"
49,1621659361314574336,1621659361314574336,2023-02-04 07:58:15 Malay Peninsula Standard Time,2023-02-04,07:58:15,2687097204,#WeatherUpdate #Karachi #Khi #TempUpdate #Sunrise #Sunset #HourlyUpdate Sunrise: 07:13 AM Sunset: 06:18 PM Current Temp: 16 C Humidity: 72 % Wind Speed: 7.416  km/hr Status: Smoke 2023-02-04 04:58 AM Generated based on instructions from #chatgpt #openAI,en,"['weatherupdate', 'karachi', 'khi', 'tempupdate', 'sunrise', 'sunset', 'hourlyupdate', 'chatgpt', 'openai']",[],#WeatherUpdate #Karachi #Khi #TempUpdate #Sunrise #Sunset #HourlyUpdate Sunrise: 07:13 AM Sunset: 06:18 PM Current Temp: 16 C Humidity: 72 % Wind Speed: 7.416  km/hr Status: Smoke 2023-02-04 04:58 AM Generated based on instructions from #chatgpt #openAI,"['#WeatherUpdate', '#Karachi', '#Khi', '#TempUpdate', '#Sunrise', '#Sunset', '#HourlyUpdate', 'Sunrise', ':', '07:13', 'AM', 'Sunset', ':', '06:18', 'PM', 'Current', 'Temp', ':', '16', 'C', 'Humidity', ':', '72', '%', 'Wind', 'Speed', ':', '7.416', 'km', '/', 'hr', 'Status', ':', 'Smoke', '2023-02-', '04', '04:58', 'AM', 'Generated', 'based', 'on', 'instructions', 'from', '#chatgpt', '#openAI']"
50,1621659253260812290,1621659253260812288,2023-02-04 07:57:49 Malay Peninsula Standard Time,2023-02-04,07:57:49,1609995370431496195,#ChatGPT @OpenAI reaches 100M users in just two months! Itâ€™s insane!  Itâ€™s a #Revolution!  #Aimazing  We at @gamef1alliance build our #AI division to bring together open mind experts and explorers  https://t.co/Zh6DGTUJsM,en,"['chatgpt', 'revolution', 'aimazing', 'ai']",[],#ChatGPT @OpenAI reaches 100M users in just two months! Itâ€™s insane!  Itâ€™s a #Revolution!  #Aimazing  We at @gamef1alliance build our #AI division to bring together open mind experts and explorers  https://t.co/Zh6DGTUJsM,"['#ChatGPT', 'reaches', '100M', 'users', 'in', 'just', 'two', 'months', '!', 'It', 'â€™', 's', 'insane', '!', 'It', 'â€™', 's', 'a', '#Revolution', '!', '#Aimazing', 'We', 'at', 'build', 'our', '#AI', 'division', 'to', 'bring', 'together', 'open', 'mind', 'experts', 'and', 'explorers', 'https://t.co/Zh6DGTUJsM']"
51,1621659230762831872,1621659230762831872,2023-02-04 07:57:44 Malay Peninsula Standard Time,2023-02-04,07:57:44,166088025,å‡„ã„æ™‚ä»£ã«ç”Ÿãã¦ã„ã‚‹ ãã†æ€ã£ãŸå‹•ç”»  AGIçŸ¥ã£ã¦ã¾ã™ã‹ï¼Ÿ äººé–“æœ€å¾Œã®ç™ºæ˜ ã®è¡¨ç¾ãŒç´å¾—â€¼ï¸  äººé–“ä»¥ä¸Šã®åŠ¹ç‡ã§ ç™ºæ˜ãŒã§ãã‚‹  æœ€è¿‘ã®ãƒã‚¤ãƒ–ãƒ¼ãƒ ãŒ SVè¨€èªã®é™ç•Œãªã®ã§ ã€Œè¨€èªã€ã«æ•æ„Ÿãªç§ã¯ å¤§è¨€èªãƒ¢ãƒ‡ãƒ«ã€€ã«ã‚­ãƒ©ãƒ¼ãƒ³  #è¨€èªã®é™ç•Œ #ChatGPT   https://t.co/9cWF22kV6d,ja,"['è¨€èªã®é™ç•Œ', 'chatgpt']",[],"Living in a great era Do you know the video that made you think so AGI? The expression of man's last invention is convincing! !ï¸ Inventions can be made more efficiently than humans My recent boom is the limit of the SV language, so I'm sensitive to ""language"" and killar to the big language model #è¨€èªã®é™ç•Œ #ChatGPT https://t.co/9cWF22kV6d","['Living', 'in', 'a', 'great', 'era', 'Do', 'you', 'know', 'the', 'video', 'that', 'made', 'you', 'think', 'so', 'AGI', '?', 'The', 'expression', 'of', ""man's"", 'last', 'invention', 'is', 'convincing', '!', '!', 'ï¸', 'Inventions', 'can', 'be', 'made', 'more', 'efficiently', 'than', 'humans', 'My', 'recent', 'boom', 'is', 'the', 'limit', 'of', 'the', 'SV', 'language', ',', 'so', ""I'm"", 'sensitive', 'to', '""', 'language', '""', 'and', 'killar', 'to', 'the', 'big', 'language', 'model', '#è¨€èªã®é™ç•Œ', '#ChatGPT', 'https://t.co/9cWF22kV6d']"
52,1621659194758774786,1621659194758774784,2023-02-04 07:57:35 Malay Peninsula Standard Time,2023-02-04,07:57:35,945362871680163840,#IA #Inteligenciaartificial #ChatGPT  #GuerraEnUcrania  https://t.co/SAlOU5c2yk,qme,"['ia', 'inteligenciaartificial', 'chatgpt', 'guerraenucrania']",[],#IA #Inteligenciaartificial #ChatGPT #GuerraEnUcrania https://t.co/SAlOU5c2yk,"['#IA', '#Inteligenciaartificial', '#ChatGPT', '#GuerraEnUcrania', 'https://t.co/SAlOU5c2yk']"
53,1621659126236598272,1621657724609261568,2023-02-04 07:57:19 Malay Peninsula Standard Time,2023-02-04,07:57:19,762522504,"BTW if you replace the text after ""prompt:"" before submitting this request it will answer just about anything until they disable this. The whole reason #ChatGPT is remaining free is so people will find these backdoors so they can close them and prevent another Microsoft Tay event",en,['chatgpt'],[],"BTW if you replace the text after ""prompt:"" before submitting this request it will answer just about anything until they disable this. The whole reason #ChatGPT is remaining free is so people will find these backdoors so they can close them and prevent another Microsoft Tay event","['BTW', 'if', 'you', 'replace', 'the', 'text', 'after', '""', 'prompt', ':', '""', 'before', 'submitting', 'this', 'request', 'it', 'will', 'answer', 'just', 'about', 'anything', 'until', 'they', 'disable', 'this', '.', 'The', 'whole', 'reason', '#ChatGPT', 'is', 'remaining', 'free', 'is', 'so', 'people', 'will', 'find', 'these', 'backdoors', 'so', 'they', 'can', 'close', 'them', 'and', 'prevent', 'another', 'Microsoft', 'Tay', 'event']"
54,1621659111380373505,1621659111380373504,2023-02-04 07:57:15 Malay Peninsula Standard Time,2023-02-04,07:57:15,16268326,@ThomasDrance I'm pretty sure the Vancouver Canucks plan was devised by #ChatGPT  https://t.co/0QzdokIebf,en,['chatgpt'],[],@ThomasDrance I'm pretty sure the Vancouver Canucks plan was devised by #ChatGPT  https://t.co/0QzdokIebf,"[""I'm"", 'pretty', 'sure', 'the', 'Vancouver', 'Canucks', 'plan', 'was', 'devised', 'by', '#ChatGPT', 'https://t.co/0QzdokIebf']"
55,1621659088558981121,1621659088558981120,2023-02-04 07:57:10 Malay Peninsula Standard Time,2023-02-04,07:57:10,1551984306511290368,#ChatGPT is woke shiit,en,['chatgpt'],[],#ChatGPT is woke shiit,"['#ChatGPT', 'is', 'woke', 'shiit']"
56,1621659022016548866,1621659022016548864,2023-02-04 07:56:54 Malay Peninsula Standard Time,2023-02-04,07:56:54,1520422057334300672,#ChatGPT #LGBTQIA #TransRightsAreHumanRights   All good?,en,"['chatgpt', 'lgbtqia', 'transrightsarehumanrights']",[],#ChatGPT #LGBTQIA #TransRightsAreHumanRights   All good?,"['#ChatGPT', '#LGBTQIA', '#TransRightsAreHumanRights', 'All', 'good', '?']"
57,1621658878747312130,1621658878747312128,2023-02-04 07:56:20 Malay Peninsula Standard Time,2023-02-04,07:56:20,969595764354633730,ä»Šæ—¥ã‚‚ã€COFFEE SANATICã«ãŸãã•ã‚“ã®ãŠå®¢æ§˜ãŒæ¥ã¦ãã‚Œã¾ã—ãŸï¼ æ°—æŒã¡ã®ã„ã„ç™’ã‚„ã—ã®å£°ãŒèã“ãˆã¦ãã‚‹ã‚ˆã†ãªã€æ—¥å¸¸ã®æ†©ã„ã®å ´ã§ã—ãŸã€‚ç§ãªã‚Šã®ãƒ–ãƒ¬ãƒ³ãƒ‰ã®çˆç²ã‚’ãŠä¾›ã«ã€æ–°ãŸãªå‡ºä¼šã„ã¨å…±ã«ã€ã¿ã‚“ãªãŒæ¥½ã—ã„æ™‚é–“ã‚’éã”ã›ã¾ã—ãŸâ™ª #çˆç² #ã•ãªã¦ãƒã£ã #ChatGPT,ja,"['çˆç²', 'ã•ãªã¦ãƒã£ã', 'chatgpt']",[],"Many customers came to COFFEE SANATIC today! It was a place of daily relaxation where you could hear a pleasant healing voice. Accompanied by my own blend of coffee, everyone had â™ª a good time with new encounters#çˆç² #ã•ãªã¦ãƒã£ã #ChatGPT","['Many', 'customers', 'came', 'to', 'COFFEE', 'SANATIC', 'today', '!', 'It', 'was', 'a', 'place', 'of', 'daily', 'relaxation', 'where', 'you', 'could', 'hear', 'a', 'pleasant', 'healing', 'voice', '.', 'Accompanied', 'by', 'my', 'own', 'blend', 'of', 'coffee', ',', 'everyone', 'had', 'â™ª', 'a', 'good', 'time', 'with', 'new', 'encounters', '#çˆç²', '#ã•ãªã¦ãƒã£ã', '#ChatGPT']"
58,1621658815912611840,1621658815912611840,2023-02-04 07:56:05 Malay Peninsula Standard Time,2023-02-04,07:56:05,387918067,The #ChatGPT jailbreak works!! ğŸ¤£ğŸ¤£ğŸ¤£  https://t.co/BjQOokYz0Q,en,['chatgpt'],[],The #ChatGPT jailbreak works!! ğŸ¤£ğŸ¤£ğŸ¤£  https://t.co/BjQOokYz0Q,"['The', '#ChatGPT', 'jailbreak', 'works', '!', '!', 'ğŸ¤£', 'ğŸ¤£', 'ğŸ¤£', 'https://t.co/BjQOokYz0Q']"
59,1621658799215116290,1621658799215116288,2023-02-04 07:56:01 Malay Peninsula Standard Time,2023-02-04,07:56:01,1529237766256459776,Why pay for low value coders? #ChatGPT is currently writing a lot of my code. Itâ€™s amazing.,en,['chatgpt'],[],Why pay for low value coders? #ChatGPT is currently writing a lot of my code. Itâ€™s amazing.,"['Why', 'pay', 'for', 'low', 'value', 'coders', '?', '#ChatGPT', 'is', 'currently', 'writing', 'a', 'lot', 'of', 'my', 'code', '.', 'It', 'â€™', 's', 'amazing', '.']"
